﻿USE [DBASystem]
GO

DELETE FROM [RoleOptions]
DELETE FROM [Options]
DELETE FROM [ActionParams]
DELETE FROM [ExecutionActions]
DELETE FROM [DataTypes]

/****** Object:  Table [dbo].[DataTypes]    Script Date: 08/30/2013 16:10:09 ******/
INSERT [dbo].[DataTypes] ([ID], [AssemblyName], [Namespace], [Class]) VALUES (1, N'mscorlib.dll', N'System', N'string')
INSERT [dbo].[DataTypes] ([ID], [AssemblyName], [Namespace], [Class]) VALUES (2, N'DBASystem.SMSF.Service.Business.dll', N'DBASystem.SMSF.Service.Business.Components', N'EntityComponent')
INSERT [dbo].[DataTypes] ([ID], [AssemblyName], [Namespace], [Class]) VALUES (3, N'DBASystem.SMSF.Service.Business.dll', N'DBASystem.SMSF.Service.Business.Components', N'AccountManagerComponent')
INSERT [dbo].[DataTypes] ([ID], [AssemblyName], [Namespace], [Class]) VALUES (4, N'DBASystem.SMSF.Service.Business.dll', N'DBASystem.SMSF.Service.Business.Components', N'UserComponent')
INSERT [dbo].[DataTypes] ([ID], [AssemblyName], [Namespace], [Class]) VALUES (5, N'DBASystem.SMSF.Service.Business.dll', N'DBASystem.SMSF.Service.Business.Components', N'ValidationComponent')
INSERT [dbo].[DataTypes] ([ID], [AssemblyName], [Namespace], [Class]) VALUES (6, N'DBASystem.SMSF.Service.Business.dll', N'DBASystem.SMSF.Service.Business.Components', N'TelephoneComponent')
INSERT [dbo].[DataTypes] ([ID], [AssemblyName], [Namespace], [Class]) VALUES (7, N'DBASystem.SMSF.Service.Business.dll', N'DBASystem.SMSF.Service.Business.Components', N'AddressComponent')
/****** Object:  Table [dbo].[ExecutionActions]    Script Date: 08/30/2013 16:10:09 ******/
INSERT [dbo].[ExecutionActions] ([ID], [DataTypeID], [ActionName]) VALUES (2, 4, N'ValidateUser')
INSERT [dbo].[ExecutionActions] ([ID], [DataTypeID], [ActionName]) VALUES (3, 4, N'LogOff')
INSERT [dbo].[ExecutionActions] ([ID], [DataTypeID], [ActionName]) VALUES (4, 2, N'AddEntity')
INSERT [dbo].[ExecutionActions] ([ID], [DataTypeID], [ActionName]) VALUES (5, 2, N'GetEntityTree')
INSERT [dbo].[ExecutionActions] ([ID], [DataTypeID], [ActionName]) VALUES (6, 3, N'GetEntityAccountManagers')
INSERT [dbo].[ExecutionActions] ([ID], [DataTypeID], [ActionName]) VALUES (7, 7, N'GetAddressTypes')
INSERT [dbo].[ExecutionActions] ([ID], [DataTypeID], [ActionName]) VALUES (8, 2, N'GetEntityCategories')
INSERT [dbo].[ExecutionActions] ([ID], [DataTypeID], [ActionName]) VALUES (9, 2, N'GetEntityAccountManagers')
INSERT [dbo].[ExecutionActions] ([ID], [DataTypeID], [ActionName]) VALUES (10, 5, N'GetAllowedOptionsByOptionType')
INSERT [dbo].[ExecutionActions] ([ID], [DataTypeID], [ActionName]) VALUES (11, 4, N'GetUserGroups')
INSERT [dbo].[ExecutionActions] ([ID], [DataTypeID], [ActionName]) VALUES (12, 6, N'GetTelephoneTypes')
INSERT [dbo].[ExecutionActions] ([ID], [DataTypeID], [ActionName]) VALUES (13, 3, N'AddAccountManager')
INSERT [dbo].[ExecutionActions] ([ID], [DataTypeID], [ActionName]) VALUES (14, 4, N'ValidateLogin')
INSERT [dbo].[ExecutionActions] ([ID], [DataTypeID], [ActionName]) VALUES (15, 7, N'GetCountries')
INSERT [dbo].[ExecutionActions] ([ID], [DataTypeID], [ActionName]) VALUES (16, 7, N'GetStates')
INSERT [dbo].[ExecutionActions] ([ID], [DataTypeID], [ActionName]) VALUES (17, 2, N'GetEntityDetail')
INSERT [dbo].[ExecutionActions] ([ID], [DataTypeID], [ActionName]) VALUES (18, 3, N'GetAccountManagerDetail')
INSERT [dbo].[ExecutionActions] ([ID], [DataTypeID], [ActionName]) VALUES (19, 2, N'DeleteEntity')
INSERT [dbo].[ExecutionActions] ([ID], [DataTypeID], [ActionName]) VALUES (20, 3, N'DeleteAccountManager')
INSERT [dbo].[ExecutionActions] ([ID], [DataTypeID], [ActionName]) VALUES (21, 2, N'GetEntity')
INSERT [dbo].[ExecutionActions] ([ID], [DataTypeID], [ActionName]) VALUES (22, 3, N'UpdateAccountManager')
INSERT [dbo].[ExecutionActions] ([ID], [DataTypeID], [ActionName]) VALUES (23, 6, N'AddTelephone')
INSERT [dbo].[ExecutionActions] ([ID], [DataTypeID], [ActionName]) VALUES (24, 6, N'UpdateTelephone')
INSERT [dbo].[ExecutionActions] ([ID], [DataTypeID], [ActionName]) VALUES (25, 6, N'DeleteTelephone')
INSERT [dbo].[ExecutionActions] ([ID], [DataTypeID], [ActionName]) VALUES (26, 2, N'UpdateEntity')
INSERT [dbo].[ExecutionActions] ([ID], [DataTypeID], [ActionName]) VALUES (27, 3, N'GetAccountManager')
INSERT [dbo].[ExecutionActions] ([ID], [DataTypeID], [ActionName]) VALUES (28, 4, N'CreateUserGroup')
INSERT [dbo].[ExecutionActions] ([ID], [DataTypeID], [ActionName]) VALUES (29, 4, N'UpdateUserGroup')
INSERT [dbo].[ExecutionActions] ([ID], [DataTypeID], [ActionName]) VALUES (30, 4, N'ChangeUserGroupStatus')
INSERT [dbo].[ExecutionActions] ([ID], [DataTypeID], [ActionName]) VALUES (31, 4, N'GetUserGroup')
INSERT [dbo].[ExecutionActions] ([ID], [DataTypeID], [ActionName]) VALUES (32, 4, N'GetRoles')
INSERT [dbo].[ExecutionActions] ([ID], [DataTypeID], [ActionName]) VALUES (33, 4, N'GetRole')
INSERT [dbo].[ExecutionActions] ([ID], [DataTypeID], [ActionName]) VALUES (34, 4, N'CreateRole')
INSERT [dbo].[ExecutionActions] ([ID], [DataTypeID], [ActionName]) VALUES (35, 4, N'UpdateRole')
INSERT [dbo].[ExecutionActions] ([ID], [DataTypeID], [ActionName]) VALUES (36, 4, N'ChangeRoleStatus')
INSERT [dbo].[ExecutionActions] ([ID], [DataTypeID], [ActionName]) VALUES (37, 4, N'GetUserGroupRoles')
INSERT [dbo].[ExecutionActions] ([ID], [DataTypeID], [ActionName]) VALUES (38, 4, N'AddUserGroupRoles')
INSERT [dbo].[ExecutionActions] ([ID], [DataTypeID], [ActionName]) VALUES (39, 4, N'GetUserRoleOptions')
INSERT [dbo].[ExecutionActions] ([ID], [DataTypeID], [ActionName]) VALUES (40, 4, N'AddUserRoleOptions')
INSERT [dbo].[ExecutionActions] ([ID], [DataTypeID], [ActionName]) VALUES (41, 2, N'AddGroup')
INSERT [dbo].[ExecutionActions] ([ID], [DataTypeID], [ActionName]) VALUES (42, 2, N'AddClient')
INSERT [dbo].[ExecutionActions] ([ID], [DataTypeID], [ActionName]) VALUES (43, 2, N'AddFund')
INSERT [dbo].[ExecutionActions] ([ID], [DataTypeID], [ActionName]) VALUES (44, 2, N'UpdateGroup')
INSERT [dbo].[ExecutionActions] ([ID], [DataTypeID], [ActionName]) VALUES (45, 2, N'UpdateClient')
INSERT [dbo].[ExecutionActions] ([ID], [DataTypeID], [ActionName]) VALUES (46, 2, N'UpdateFund')
INSERT [dbo].[ExecutionActions] ([ID], [DataTypeID], [ActionName]) VALUES (47, 2, N'GetClients')
INSERT [dbo].[ExecutionActions] ([ID], [DataTypeID], [ActionName]) VALUES (48, 2, N'GetFunds')
INSERT [dbo].[ExecutionActions] ([ID], [DataTypeID], [ActionName]) VALUES (49, 2, N'GetEntities')
/****** Object:  Table [dbo].[Options]    Script Date: 08/30/2013 16:10:09 ******/
INSERT [dbo].[Options] ([ID], [Title], [PageURL], [NextPageURL], [TypeID], [ParentID], [ExecutionActionID], [AllowAnonymous], [StatusID], [CreatedBy], [CreatedOn], [ModifiedBy], [ModifiedOn]) VALUES (101, N'Login', N'LoginPage', N'Home', 3, NULL, 2, 1, 1, 1, CAST(0x0000A22700BCAD69 AS DateTime), 0, CAST(0x0000A22700BCAD69 AS DateTime))
INSERT [dbo].[Options] ([ID], [Title], [PageURL], [NextPageURL], [TypeID], [ParentID], [ExecutionActionID], [AllowAnonymous], [StatusID], [CreatedBy], [CreatedOn], [ModifiedBy], [ModifiedOn]) VALUES (102, N'LogOff', N'LogOffPage', N'LoginPage', 3, NULL, 3, 1, 1, 1, CAST(0x0000A22700BCAD69 AS DateTime), 0, CAST(0x0000A22700BCAD69 AS DateTime))
INSERT [dbo].[Options] ([ID], [Title], [PageURL], [NextPageURL], [TypeID], [ParentID], [ExecutionActionID], [AllowAnonymous], [StatusID], [CreatedBy], [CreatedOn], [ModifiedBy], [ModifiedOn]) VALUES (301, N'Add Entity', N'AddEntity', N'AddEntity', 3, NULL, 4, 0, 1, 1, CAST(0x0000A22700BCE5A0 AS DateTime), 0, CAST(0x0000A22700BCE5A0 AS DateTime))
INSERT [dbo].[Options] ([ID], [Title], [PageURL], [NextPageURL], [TypeID], [ParentID], [ExecutionActionID], [AllowAnonymous], [StatusID], [CreatedBy], [CreatedOn], [ModifiedBy], [ModifiedOn]) VALUES (302, N'Entity Tree', N'EntityTree', N'EntityTree', 3, NULL, 5, 0, 1, 1, CAST(0x0000A22700BCFA76 AS DateTime), 0, CAST(0x0000A22700BCFA76 AS DateTime))
INSERT [dbo].[Options] ([ID], [Title], [PageURL], [NextPageURL], [TypeID], [ParentID], [ExecutionActionID], [AllowAnonymous], [StatusID], [CreatedBy], [CreatedOn], [ModifiedBy], [ModifiedOn]) VALUES (303, N'Get Entity Account Managers', N'GetEntityAccountManagers', N'GetEntityAccountManagers', 3, NULL, 6, 0, 1, 1, CAST(0x0000A22700BD1234 AS DateTime), 0, CAST(0x0000A22700BD1234 AS DateTime))
INSERT [dbo].[Options] ([ID], [Title], [PageURL], [NextPageURL], [TypeID], [ParentID], [ExecutionActionID], [AllowAnonymous], [StatusID], [CreatedBy], [CreatedOn], [ModifiedBy], [ModifiedOn]) VALUES (304, N'Get Address Types', N'ListAddressTypes', N'ListAddressTypes', 3, NULL, 7, 0, 1, 1, CAST(0x0000A22700BD2A44 AS DateTime), 0, CAST(0x0000A22700BD2A44 AS DateTime))
INSERT [dbo].[Options] ([ID], [Title], [PageURL], [NextPageURL], [TypeID], [ParentID], [ExecutionActionID], [AllowAnonymous], [StatusID], [CreatedBy], [CreatedOn], [ModifiedBy], [ModifiedOn]) VALUES (305, N'Get Entity Categories', N'ListEntityCategories', N'ListEntityCategories', 3, NULL, 8, 0, 1, 1, CAST(0x0000A22700BD3DAD AS DateTime), 0, CAST(0x0000A22700BD3DAD AS DateTime))
INSERT [dbo].[Options] ([ID], [Title], [PageURL], [NextPageURL], [TypeID], [ParentID], [ExecutionActionID], [AllowAnonymous], [StatusID], [CreatedBy], [CreatedOn], [ModifiedBy], [ModifiedOn]) VALUES (306, N'Get Entity Types', N'GetEntityAccountManagers', N'GetEntityAccountManagers', 3, NULL, 9, 0, 1, 1, CAST(0x0000A22700C40014 AS DateTime), 0, CAST(0x0000A22700C40014 AS DateTime))
INSERT [dbo].[Options] ([ID], [Title], [PageURL], [NextPageURL], [TypeID], [ParentID], [ExecutionActionID], [AllowAnonymous], [StatusID], [CreatedBy], [CreatedOn], [ModifiedBy], [ModifiedOn]) VALUES (401, N'Allowed Pages', N'AllowedPages', N'AllowedPages', 16, NULL, 10, 1, 1, 1, CAST(0x0000A22700C5EAF3 AS DateTime), 0, CAST(0x0000A22700C5EAF3 AS DateTime))
INSERT [dbo].[Options] ([ID], [Title], [PageURL], [NextPageURL], [TypeID], [ParentID], [ExecutionActionID], [AllowAnonymous], [StatusID], [CreatedBy], [CreatedOn], [ModifiedBy], [ModifiedOn]) VALUES (402, N'Allowed Actions', N'AllowedActions', N'AllowedActions', 16, NULL, 10, 1, 1, 1, CAST(0x0000A227011CA52B AS DateTime), 0, CAST(0x0000A227011CA52B AS DateTime))
INSERT [dbo].[Options] ([ID], [Title], [PageURL], [NextPageURL], [TypeID], [ParentID], [ExecutionActionID], [AllowAnonymous], [StatusID], [CreatedBy], [CreatedOn], [ModifiedBy], [ModifiedOn]) VALUES (604, N'Get User Groups', N'GetUserGroups', N'GetUserGroups', 3, NULL, 11, 0, 1, 1, CAST(0x0000A229009F3C76 AS DateTime), 0, CAST(0x0000A229009F3C76 AS DateTime))
INSERT [dbo].[Options] ([ID], [Title], [PageURL], [NextPageURL], [TypeID], [ParentID], [ExecutionActionID], [AllowAnonymous], [StatusID], [CreatedBy], [CreatedOn], [ModifiedBy], [ModifiedOn]) VALUES (404, N'Get Telephone Types', N'GetTelephoneTypes', N'GetTelephoneTypes', 3, NULL, 12, 0, 1, 1, CAST(0x0000A22900BF4E2D AS DateTime), 0, CAST(0x0000A22900BF4E2D AS DateTime))
INSERT [dbo].[Options] ([ID], [Title], [PageURL], [NextPageURL], [TypeID], [ParentID], [ExecutionActionID], [AllowAnonymous], [StatusID], [CreatedBy], [CreatedOn], [ModifiedBy], [ModifiedOn]) VALUES (501, N'Add User', N'CreateUser', N'CreateUser', 3, NULL, 13, 0, 1, 1, CAST(0x0000A22A00A71126 AS DateTime), 0, CAST(0x0000A22A00A71126 AS DateTime))
INSERT [dbo].[Options] ([ID], [Title], [PageURL], [NextPageURL], [TypeID], [ParentID], [ExecutionActionID], [AllowAnonymous], [StatusID], [CreatedBy], [CreatedOn], [ModifiedBy], [ModifiedOn]) VALUES (103, N'Validate Login', N'ValidateLogin', N'ValidateLogin', 3, NULL, 14, 1, 1, 1, CAST(0x0000A22A00A71126 AS DateTime), 0, CAST(0x0000A22A00A71126 AS DateTime))
INSERT [dbo].[Options] ([ID], [Title], [PageURL], [NextPageURL], [TypeID], [ParentID], [ExecutionActionID], [AllowAnonymous], [StatusID], [CreatedBy], [CreatedOn], [ModifiedBy], [ModifiedOn]) VALUES (307, N'Get Countries', N'ListCountries', N'ListCountries', 3, NULL, 15, 0, 1, 1, CAST(0x0000A22A00A71126 AS DateTime), 0, CAST(0x0000A22A00A71126 AS DateTime))
INSERT [dbo].[Options] ([ID], [Title], [PageURL], [NextPageURL], [TypeID], [ParentID], [ExecutionActionID], [AllowAnonymous], [StatusID], [CreatedBy], [CreatedOn], [ModifiedBy], [ModifiedOn]) VALUES (308, N'Get States', N'ListStates', N'ListStates', 3, NULL, 16, 0, 1, 1, CAST(0x0000A22A00A71126 AS DateTime), 0, CAST(0x0000A22A00A71126 AS DateTime))
INSERT [dbo].[Options] ([ID], [Title], [PageURL], [NextPageURL], [TypeID], [ParentID], [ExecutionActionID], [AllowAnonymous], [StatusID], [CreatedBy], [CreatedOn], [ModifiedBy], [ModifiedOn]) VALUES (309, N'Get Entity Detail', N'GetEntityDetail', N'GetEntityDetail', 3, NULL, 17, 0, 1, 1, CAST(0x0000A22A00A71126 AS DateTime), 0, CAST(0x0000A22A00A71126 AS DateTime))
INSERT [dbo].[Options] ([ID], [Title], [PageURL], [NextPageURL], [TypeID], [ParentID], [ExecutionActionID], [AllowAnonymous], [StatusID], [CreatedBy], [CreatedOn], [ModifiedBy], [ModifiedOn]) VALUES (310, N'Get Account Manager Detail', N'GetAccountManagerDetail', N'GetAccountManagerDetail', 3, NULL, 18, 0, 1, 1, CAST(0x0000A22A00A71126 AS DateTime), 0, CAST(0x0000A22A00A71126 AS DateTime))
INSERT [dbo].[Options] ([ID], [Title], [PageURL], [NextPageURL], [TypeID], [ParentID], [ExecutionActionID], [AllowAnonymous], [StatusID], [CreatedBy], [CreatedOn], [ModifiedBy], [ModifiedOn]) VALUES (311, N'Delete Entity', N'DeleteEntity', N'DeleteEntity', 3, NULL, 19, 0, 1, 1, CAST(0x0000A22A00A71126 AS DateTime), 0, CAST(0x0000A22A00A71126 AS DateTime))
INSERT [dbo].[Options] ([ID], [Title], [PageURL], [NextPageURL], [TypeID], [ParentID], [ExecutionActionID], [AllowAnonymous], [StatusID], [CreatedBy], [CreatedOn], [ModifiedBy], [ModifiedOn]) VALUES (502, N'Delete Account Manager', N'DeleteAccountManager', N'DeleteAccountManager', 3, NULL, 20, 0, 1, 1, CAST(0x0000A22A00A71126 AS DateTime), 0, CAST(0x0000A22A00A71126 AS DateTime))
INSERT [dbo].[Options] ([ID], [Title], [PageURL], [NextPageURL], [TypeID], [ParentID], [ExecutionActionID], [AllowAnonymous], [StatusID], [CreatedBy], [CreatedOn], [ModifiedBy], [ModifiedOn]) VALUES (312, N'Get Entity', N'GetEntity', N'GetEntity', 3, NULL, 21, 0, 1, 1, CAST(0x0000A22A00A71126 AS DateTime), 0, CAST(0x0000A22A00A71126 AS DateTime))
INSERT [dbo].[Options] ([ID], [Title], [PageURL], [NextPageURL], [TypeID], [ParentID], [ExecutionActionID], [AllowAnonymous], [StatusID], [CreatedBy], [CreatedOn], [ModifiedBy], [ModifiedOn]) VALUES (503, N'Update User', N'UpdateUser', N'UpdateUser', 3, NULL, 22, 0, 1, 1, CAST(0x0000A22A00A71126 AS DateTime), 0, CAST(0x0000A22A00A71126 AS DateTime))
INSERT [dbo].[Options] ([ID], [Title], [PageURL], [NextPageURL], [TypeID], [ParentID], [ExecutionActionID], [AllowAnonymous], [StatusID], [CreatedBy], [CreatedOn], [ModifiedBy], [ModifiedOn]) VALUES (405, N'Add Telephone', N'AddTelephone', N'AddTelephone', 3, NULL, 23, 0, 1, 1, CAST(0x0000A22A00A71126 AS DateTime), 0, CAST(0x0000A22A00A71126 AS DateTime))
INSERT [dbo].[Options] ([ID], [Title], [PageURL], [NextPageURL], [TypeID], [ParentID], [ExecutionActionID], [AllowAnonymous], [StatusID], [CreatedBy], [CreatedOn], [ModifiedBy], [ModifiedOn]) VALUES (406, N'Update Telephone', N'UpdateTelephone', N'UpdateTelephone', 3, NULL, 24, 0, 1, 1, CAST(0x0000A22A00A71126 AS DateTime), 0, CAST(0x0000A22A00A71126 AS DateTime))
INSERT [dbo].[Options] ([ID], [Title], [PageURL], [NextPageURL], [TypeID], [ParentID], [ExecutionActionID], [AllowAnonymous], [StatusID], [CreatedBy], [CreatedOn], [ModifiedBy], [ModifiedOn]) VALUES (407, N'Delete Telephone', N'DeleteTelephone', N'DeleteTelephone', 3, NULL, 25, 0, 1, 1, CAST(0x0000A22A00A71126 AS DateTime), 0, CAST(0x0000A22A00A71126 AS DateTime))
INSERT [dbo].[Options] ([ID], [Title], [PageURL], [NextPageURL], [TypeID], [ParentID], [ExecutionActionID], [AllowAnonymous], [StatusID], [CreatedBy], [CreatedOn], [ModifiedBy], [ModifiedOn]) VALUES (313, N'Update Entity', N'UpdateEntity', N'UpdateEntity', 3, NULL, 26, 0, 1, 1, CAST(0x0000A22A00A71126 AS DateTime), 0, CAST(0x0000A22A00A71126 AS DateTime))
INSERT [dbo].[Options] ([ID], [Title], [PageURL], [NextPageURL], [TypeID], [ParentID], [ExecutionActionID], [AllowAnonymous], [StatusID], [CreatedBy], [CreatedOn], [ModifiedBy], [ModifiedOn]) VALUES (504, N'Get Account Manager', N'GetAccountManager', N'GetAccountManager', 3, NULL, 27, 0, 1, 1, CAST(0x0000A22A00A71126 AS DateTime), 0, CAST(0x0000A22A00A71126 AS DateTime))
INSERT [dbo].[Options] ([ID], [Title], [PageURL], [NextPageURL], [TypeID], [ParentID], [ExecutionActionID], [AllowAnonymous], [StatusID], [CreatedBy], [CreatedOn], [ModifiedBy], [ModifiedOn]) VALUES (601, N'Add User Group', N'CreateUserGroup', N'CreateUserGroup', 3, NULL, 28, 0, 1, 1, CAST(0x0000A22A00A71126 AS DateTime), 0, CAST(0x0000A22A00A71126 AS DateTime))
INSERT [dbo].[Options] ([ID], [Title], [PageURL], [NextPageURL], [TypeID], [ParentID], [ExecutionActionID], [AllowAnonymous], [StatusID], [CreatedBy], [CreatedOn], [ModifiedBy], [ModifiedOn]) VALUES (602, N'Update User Group', N'UpdateUserGroup', N'UpdateUserGroup', 3, NULL, 29, 0, 1, 1, CAST(0x0000A22A00A71126 AS DateTime), 0, CAST(0x0000A22A00A71126 AS DateTime))
INSERT [dbo].[Options] ([ID], [Title], [PageURL], [NextPageURL], [TypeID], [ParentID], [ExecutionActionID], [AllowAnonymous], [StatusID], [CreatedBy], [CreatedOn], [ModifiedBy], [ModifiedOn]) VALUES (603, N'Change User Group Status', N'ChangeUserGroupStatus', N'ChangeUserGroupStatus', 3, NULL, 30, 0, 1, 1, CAST(0x0000A22A00A71126 AS DateTime), 0, CAST(0x0000A22A00A71126 AS DateTime))
INSERT [dbo].[Options] ([ID], [Title], [PageURL], [NextPageURL], [TypeID], [ParentID], [ExecutionActionID], [AllowAnonymous], [StatusID], [CreatedBy], [CreatedOn], [ModifiedBy], [ModifiedOn]) VALUES (605, N'Get User Group', N'GetUserGroup', N'GetUserGroup', 3, NULL, 31, 0, 1, 1, CAST(0x0000A22A00A71126 AS DateTime), 0, CAST(0x0000A22A00A71126 AS DateTime))
INSERT [dbo].[Options] ([ID], [Title], [PageURL], [NextPageURL], [TypeID], [ParentID], [ExecutionActionID], [AllowAnonymous], [StatusID], [CreatedBy], [CreatedOn], [ModifiedBy], [ModifiedOn]) VALUES (606, N'Get Roles', N'GetUserGroup', N'GetUserGroup', 3, NULL, 32, 0, 1, 1, CAST(0x0000A22A00A71126 AS DateTime), 0, CAST(0x0000A22A00A71126 AS DateTime))
INSERT [dbo].[Options] ([ID], [Title], [PageURL], [NextPageURL], [TypeID], [ParentID], [ExecutionActionID], [AllowAnonymous], [StatusID], [CreatedBy], [CreatedOn], [ModifiedBy], [ModifiedOn]) VALUES (607, N'Get Role', N'GetUserGroup', N'GetUserGroup', 3, NULL, 33, 0, 1, 1, CAST(0x0000A22A00A71126 AS DateTime), 0, CAST(0x0000A22A00A71126 AS DateTime))
INSERT [dbo].[Options] ([ID], [Title], [PageURL], [NextPageURL], [TypeID], [ParentID], [ExecutionActionID], [AllowAnonymous], [StatusID], [CreatedBy], [CreatedOn], [ModifiedBy], [ModifiedOn]) VALUES (608, N'Create Role', N'GetUserGroup', N'GetUserGroup', 3, NULL, 34, 0, 1, 1, CAST(0x0000A22A00A71126 AS DateTime), 0, CAST(0x0000A22A00A71126 AS DateTime))
INSERT [dbo].[Options] ([ID], [Title], [PageURL], [NextPageURL], [TypeID], [ParentID], [ExecutionActionID], [AllowAnonymous], [StatusID], [CreatedBy], [CreatedOn], [ModifiedBy], [ModifiedOn]) VALUES (609, N'Update Role', N'GetUserGroup', N'GetUserGroup', 3, NULL, 35, 0, 1, 1, CAST(0x0000A22A00A71126 AS DateTime), 0, CAST(0x0000A22A00A71126 AS DateTime))
INSERT [dbo].[Options] ([ID], [Title], [PageURL], [NextPageURL], [TypeID], [ParentID], [ExecutionActionID], [AllowAnonymous], [StatusID], [CreatedBy], [CreatedOn], [ModifiedBy], [ModifiedOn]) VALUES (610, N'Change Role Status', N'GetUserGroup', N'GetUserGroup', 3, NULL, 36, 0, 1, 1, CAST(0x0000A22A00A71126 AS DateTime), 0, CAST(0x0000A22A00A71126 AS DateTime))
INSERT [dbo].[Options] ([ID], [Title], [PageURL], [NextPageURL], [TypeID], [ParentID], [ExecutionActionID], [AllowAnonymous], [StatusID], [CreatedBy], [CreatedOn], [ModifiedBy], [ModifiedOn]) VALUES (611, N'Get User Group Roles', N'GetUserGroupRoles', N'GetUserGroupRoles', 3, NULL, 37, 0, 1, 1, CAST(0x0000A22A00A71126 AS DateTime), 0, CAST(0x0000A22A00A71126 AS DateTime))
INSERT [dbo].[Options] ([ID], [Title], [PageURL], [NextPageURL], [TypeID], [ParentID], [ExecutionActionID], [AllowAnonymous], [StatusID], [CreatedBy], [CreatedOn], [ModifiedBy], [ModifiedOn]) VALUES (612, N'Add User Group Roles', N'AddUserGroupRoles', N'AddUserGroupRoles', 3, NULL, 38, 0, 1, 1, CAST(0x0000A22A00A71126 AS DateTime), 0, CAST(0x0000A22A00A71126 AS DateTime))
INSERT [dbo].[Options] ([ID], [Title], [PageURL], [NextPageURL], [TypeID], [ParentID], [ExecutionActionID], [AllowAnonymous], [StatusID], [CreatedBy], [CreatedOn], [ModifiedBy], [ModifiedOn]) VALUES (613, N'Get User Role Options', N'GetUserRoleOptions', N'GetUserRoleOptions', 3, NULL, 39, 0, 1, 1, CAST(0x0000A22A00A71126 AS DateTime), 0, CAST(0x0000A22A00A71126 AS DateTime))
INSERT [dbo].[Options] ([ID], [Title], [PageURL], [NextPageURL], [TypeID], [ParentID], [ExecutionActionID], [AllowAnonymous], [StatusID], [CreatedBy], [CreatedOn], [ModifiedBy], [ModifiedOn]) VALUES (614, N'Add User Role Options', N'AddUserRoleOptions', N'AddUserRoleOptions', 3, NULL, 40, 0, 1, 1, CAST(0x0000A22A00A71126 AS DateTime), 0, CAST(0x0000A22A00A71126 AS DateTime))
INSERT [dbo].[Options] ([ID], [Title], [PageURL], [NextPageURL], [TypeID], [ParentID], [ExecutionActionID], [AllowAnonymous], [StatusID], [CreatedBy], [CreatedOn], [ModifiedBy], [ModifiedOn]) VALUES (314, N'Add Group', N'AddGroup', N'AddGroup', 3, NULL, 41, 0, 1, 1, CAST(0x0000A22A00A71126 AS DateTime), 0, CAST(0x0000A22A00A71126 AS DateTime))
INSERT [dbo].[Options] ([ID], [Title], [PageURL], [NextPageURL], [TypeID], [ParentID], [ExecutionActionID], [AllowAnonymous], [StatusID], [CreatedBy], [CreatedOn], [ModifiedBy], [ModifiedOn]) VALUES (315, N'Add Client', N'AddClient', N'AddClient', 3, NULL, 42, 0, 1, 1, CAST(0x0000A22A00A71126 AS DateTime), 0, CAST(0x0000A22A00A71126 AS DateTime))
INSERT [dbo].[Options] ([ID], [Title], [PageURL], [NextPageURL], [TypeID], [ParentID], [ExecutionActionID], [AllowAnonymous], [StatusID], [CreatedBy], [CreatedOn], [ModifiedBy], [ModifiedOn]) VALUES (316, N'Add Fund', N'AddFund', N'AddFund', 3, NULL, 43, 0, 1, 1, CAST(0x0000A22A00A71126 AS DateTime), 0, CAST(0x0000A22A00A71126 AS DateTime))
INSERT [dbo].[Options] ([ID], [Title], [PageURL], [NextPageURL], [TypeID], [ParentID], [ExecutionActionID], [AllowAnonymous], [StatusID], [CreatedBy], [CreatedOn], [ModifiedBy], [ModifiedOn]) VALUES (317, N'Update Group', N'UpdateGroup', N'UpdateGroup', 3, NULL, 44, 0, 1, 1, CAST(0x0000A22A00A71126 AS DateTime), 0, CAST(0x0000A22A00A71126 AS DateTime))
INSERT [dbo].[Options] ([ID], [Title], [PageURL], [NextPageURL], [TypeID], [ParentID], [ExecutionActionID], [AllowAnonymous], [StatusID], [CreatedBy], [CreatedOn], [ModifiedBy], [ModifiedOn]) VALUES (318, N'Update Client', N'UpdateClient', N'UpdateClient', 3, NULL, 45, 0, 1, 1, CAST(0x0000A22A00A71126 AS DateTime), 0, CAST(0x0000A22A00A71126 AS DateTime))
INSERT [dbo].[Options] ([ID], [Title], [PageURL], [NextPageURL], [TypeID], [ParentID], [ExecutionActionID], [AllowAnonymous], [StatusID], [CreatedBy], [CreatedOn], [ModifiedBy], [ModifiedOn]) VALUES (319, N'Update Fund', N'UpdateFund', N'UpdateFund', 3, NULL, 46, 0, 1, 1, CAST(0x0000A22A00A71126 AS DateTime), 0, CAST(0x0000A22A00A71126 AS DateTime))
INSERT [dbo].[Options] ([ID], [Title], [PageURL], [NextPageURL], [TypeID], [ParentID], [ExecutionActionID], [AllowAnonymous], [StatusID], [CreatedBy], [CreatedOn], [ModifiedBy], [ModifiedOn]) VALUES (320, N'Get Clients', N'GetClients', N'GetClients', 3, NULL, 47, 0, 1, 1, CAST(0x0000A22A00A71126 AS DateTime), 0, CAST(0x0000A22A00A71126 AS DateTime))
INSERT [dbo].[Options] ([ID], [Title], [PageURL], [NextPageURL], [TypeID], [ParentID], [ExecutionActionID], [AllowAnonymous], [StatusID], [CreatedBy], [CreatedOn], [ModifiedBy], [ModifiedOn]) VALUES (321, N'Get Funds', N'GetFunds', N'GetFunds', 3, NULL, 48, 0, 1, 1, CAST(0x0000A22A00A71126 AS DateTime), 0, CAST(0x0000A22A00A71126 AS DateTime))
INSERT [dbo].[Options] ([ID], [Title], [PageURL], [NextPageURL], [TypeID], [ParentID], [ExecutionActionID], [AllowAnonymous], [StatusID], [CreatedBy], [CreatedOn], [ModifiedBy], [ModifiedOn]) VALUES (322, N'Get Entities', N'GetEntities', N'GetEntities', 3, NULL, 49, 0, 1, 1, CAST(0x0000A22A00A71126 AS DateTime), 0, CAST(0x0000A22A00A71126 AS DateTime))
/****** Object:  Table [dbo].[ActionParams]    Script Date: 08/30/2013 16:10:09 ******/
INSERT [dbo].[ActionParams] ([ID], [ExecutionActionID], [ParamName], [DataTypeID]) VALUES (1, 2, N'xml', 1)
INSERT [dbo].[ActionParams] ([ID], [ExecutionActionID], [ParamName], [DataTypeID]) VALUES (2, 3, N'xml', 1)
INSERT [dbo].[ActionParams] ([ID], [ExecutionActionID], [ParamName], [DataTypeID]) VALUES (3, 4, N'xml', 1)
INSERT [dbo].[ActionParams] ([ID], [ExecutionActionID], [ParamName], [DataTypeID]) VALUES (4, 5, N'xml', 1)
INSERT [dbo].[ActionParams] ([ID], [ExecutionActionID], [ParamName], [DataTypeID]) VALUES (5, 6, N'xml', 1)
INSERT [dbo].[ActionParams] ([ID], [ExecutionActionID], [ParamName], [DataTypeID]) VALUES (6, 7, N'xml', 1)
INSERT [dbo].[ActionParams] ([ID], [ExecutionActionID], [ParamName], [DataTypeID]) VALUES (7, 8, N'xml', 1)
INSERT [dbo].[ActionParams] ([ID], [ExecutionActionID], [ParamName], [DataTypeID]) VALUES (8, 9, N'xml', 1)
INSERT [dbo].[ActionParams] ([ID], [ExecutionActionID], [ParamName], [DataTypeID]) VALUES (9, 10, N'xml', 1)
INSERT [dbo].[ActionParams] ([ID], [ExecutionActionID], [ParamName], [DataTypeID]) VALUES (10, 11, N'xml', 1)
INSERT [dbo].[ActionParams] ([ID], [ExecutionActionID], [ParamName], [DataTypeID]) VALUES (11, 12, N'xml', 1)
INSERT [dbo].[ActionParams] ([ID], [ExecutionActionID], [ParamName], [DataTypeID]) VALUES (12, 13, N'xml', 1)
INSERT [dbo].[ActionParams] ([ID], [ExecutionActionID], [ParamName], [DataTypeID]) VALUES (13, 14, N'xml', 1)
INSERT [dbo].[ActionParams] ([ID], [ExecutionActionID], [ParamName], [DataTypeID]) VALUES (14, 15, N'xml', 1)
INSERT [dbo].[ActionParams] ([ID], [ExecutionActionID], [ParamName], [DataTypeID]) VALUES (15, 16, N'xml', 1)
INSERT [dbo].[ActionParams] ([ID], [ExecutionActionID], [ParamName], [DataTypeID]) VALUES (16, 17, N'xml', 1)
INSERT [dbo].[ActionParams] ([ID], [ExecutionActionID], [ParamName], [DataTypeID]) VALUES (17, 18, N'xml', 1)
INSERT [dbo].[ActionParams] ([ID], [ExecutionActionID], [ParamName], [DataTypeID]) VALUES (18, 19, N'xml', 1)
INSERT [dbo].[ActionParams] ([ID], [ExecutionActionID], [ParamName], [DataTypeID]) VALUES (19, 20, N'xml', 1)
INSERT [dbo].[ActionParams] ([ID], [ExecutionActionID], [ParamName], [DataTypeID]) VALUES (20, 21, N'xml', 1)
INSERT [dbo].[ActionParams] ([ID], [ExecutionActionID], [ParamName], [DataTypeID]) VALUES (21, 22, N'xml', 1)
INSERT [dbo].[ActionParams] ([ID], [ExecutionActionID], [ParamName], [DataTypeID]) VALUES (22, 23, N'xml', 1)
INSERT [dbo].[ActionParams] ([ID], [ExecutionActionID], [ParamName], [DataTypeID]) VALUES (23, 24, N'xml', 1)
INSERT [dbo].[ActionParams] ([ID], [ExecutionActionID], [ParamName], [DataTypeID]) VALUES (24, 25, N'xml', 1)
INSERT [dbo].[ActionParams] ([ID], [ExecutionActionID], [ParamName], [DataTypeID]) VALUES (25, 26, N'xml', 1)
INSERT [dbo].[ActionParams] ([ID], [ExecutionActionID], [ParamName], [DataTypeID]) VALUES (26, 27, N'xml', 1)
INSERT [dbo].[ActionParams] ([ID], [ExecutionActionID], [ParamName], [DataTypeID]) VALUES (27, 28, N'xml', 1)
INSERT [dbo].[ActionParams] ([ID], [ExecutionActionID], [ParamName], [DataTypeID]) VALUES (28, 29, N'xml', 1)
INSERT [dbo].[ActionParams] ([ID], [ExecutionActionID], [ParamName], [DataTypeID]) VALUES (29, 30, N'xml', 1)
INSERT [dbo].[ActionParams] ([ID], [ExecutionActionID], [ParamName], [DataTypeID]) VALUES (30, 31, N'xml', 1)
INSERT [dbo].[ActionParams] ([ID], [ExecutionActionID], [ParamName], [DataTypeID]) VALUES (31, 32, N'xml', 1)
INSERT [dbo].[ActionParams] ([ID], [ExecutionActionID], [ParamName], [DataTypeID]) VALUES (32, 33, N'xml', 1)
INSERT [dbo].[ActionParams] ([ID], [ExecutionActionID], [ParamName], [DataTypeID]) VALUES (33, 34, N'xml', 1)
INSERT [dbo].[ActionParams] ([ID], [ExecutionActionID], [ParamName], [DataTypeID]) VALUES (34, 35, N'xml', 1)
INSERT [dbo].[ActionParams] ([ID], [ExecutionActionID], [ParamName], [DataTypeID]) VALUES (35, 36, N'xml', 1)
INSERT [dbo].[ActionParams] ([ID], [ExecutionActionID], [ParamName], [DataTypeID]) VALUES (36, 37, N'xml', 1)
INSERT [dbo].[ActionParams] ([ID], [ExecutionActionID], [ParamName], [DataTypeID]) VALUES (37, 38, N'xml', 1)
INSERT [dbo].[ActionParams] ([ID], [ExecutionActionID], [ParamName], [DataTypeID]) VALUES (38, 39, N'xml', 1)
INSERT [dbo].[ActionParams] ([ID], [ExecutionActionID], [ParamName], [DataTypeID]) VALUES (39, 40, N'xml', 1)
INSERT [dbo].[ActionParams] ([ID], [ExecutionActionID], [ParamName], [DataTypeID]) VALUES (40, 41, N'xml', 1)
INSERT [dbo].[ActionParams] ([ID], [ExecutionActionID], [ParamName], [DataTypeID]) VALUES (41, 42, N'xml', 1)
INSERT [dbo].[ActionParams] ([ID], [ExecutionActionID], [ParamName], [DataTypeID]) VALUES (42, 43, N'xml', 1)
INSERT [dbo].[ActionParams] ([ID], [ExecutionActionID], [ParamName], [DataTypeID]) VALUES (43, 44, N'xml', 1)
INSERT [dbo].[ActionParams] ([ID], [ExecutionActionID], [ParamName], [DataTypeID]) VALUES (44, 45, N'xml', 1)
INSERT [dbo].[ActionParams] ([ID], [ExecutionActionID], [ParamName], [DataTypeID]) VALUES (45, 46, N'xml', 1)
INSERT [dbo].[ActionParams] ([ID], [ExecutionActionID], [ParamName], [DataTypeID]) VALUES (46, 47, N'xml', 1)
INSERT [dbo].[ActionParams] ([ID], [ExecutionActionID], [ParamName], [DataTypeID]) VALUES (47, 48, N'xml', 1)
INSERT [dbo].[ActionParams] ([ID], [ExecutionActionID], [ParamName], [DataTypeID]) VALUES (48, 49, N'xml', 1)
/****** Object:  Table [dbo].[RoleOptions]    Script Date: 08/30/2013 16:10:09 ******/
SET IDENTITY_INSERT [dbo].[RoleOptions] ON
INSERT [dbo].[RoleOptions] ([ID], [RoleID], [OptionID], [IsAssigned], [IsSystem], [CreatedBy], [CreatedOn], [ModifiedBy], [ModifiedOn]) VALUES (1, 4, 101, 1, 1, 1, CAST(0x0000A22700C58D56 AS DateTime), 0, CAST(0x0000A22700C58D56 AS DateTime))
INSERT [dbo].[RoleOptions] ([ID], [RoleID], [OptionID], [IsAssigned], [IsSystem], [CreatedBy], [CreatedOn], [ModifiedBy], [ModifiedOn]) VALUES (2, 4, 102, 1, 1, 1, CAST(0x0000A22700C58D56 AS DateTime), 0, CAST(0x0000A22700C58D56 AS DateTime))
INSERT [dbo].[RoleOptions] ([ID], [RoleID], [OptionID], [IsAssigned], [IsSystem], [CreatedBy], [CreatedOn], [ModifiedBy], [ModifiedOn]) VALUES (3, 4, 301, 1, 1, 1, CAST(0x0000A22700C58D56 AS DateTime), 0, CAST(0x0000A22700C58D56 AS DateTime))
INSERT [dbo].[RoleOptions] ([ID], [RoleID], [OptionID], [IsAssigned], [IsSystem], [CreatedBy], [CreatedOn], [ModifiedBy], [ModifiedOn]) VALUES (4, 4, 302, 1, 1, 1, CAST(0x0000A22700C58D56 AS DateTime), 0, CAST(0x0000A22700C58D56 AS DateTime))
INSERT [dbo].[RoleOptions] ([ID], [RoleID], [OptionID], [IsAssigned], [IsSystem], [CreatedBy], [CreatedOn], [ModifiedBy], [ModifiedOn]) VALUES (5, 4, 303, 1, 1, 1, CAST(0x0000A22700C58D56 AS DateTime), 0, CAST(0x0000A22700C58D56 AS DateTime))
INSERT [dbo].[RoleOptions] ([ID], [RoleID], [OptionID], [IsAssigned], [IsSystem], [CreatedBy], [CreatedOn], [ModifiedBy], [ModifiedOn]) VALUES (6, 4, 304, 1, 1, 1, CAST(0x0000A22700C58D56 AS DateTime), 0, CAST(0x0000A22700C58D56 AS DateTime))
INSERT [dbo].[RoleOptions] ([ID], [RoleID], [OptionID], [IsAssigned], [IsSystem], [CreatedBy], [CreatedOn], [ModifiedBy], [ModifiedOn]) VALUES (7, 4, 305, 1, 1, 1, CAST(0x0000A22700C58D56 AS DateTime), 0, CAST(0x0000A22700C58D56 AS DateTime))
INSERT [dbo].[RoleOptions] ([ID], [RoleID], [OptionID], [IsAssigned], [IsSystem], [CreatedBy], [CreatedOn], [ModifiedBy], [ModifiedOn]) VALUES (8, 4, 306, 1, 1, 1, CAST(0x0000A22700C58D56 AS DateTime), 0, CAST(0x0000A22700C58D56 AS DateTime))
INSERT [dbo].[RoleOptions] ([ID], [RoleID], [OptionID], [IsAssigned], [IsSystem], [CreatedBy], [CreatedOn], [ModifiedBy], [ModifiedOn]) VALUES (9, 4, 401, 1, 1, 1, CAST(0x0000A22700C58D56 AS DateTime), 0, CAST(0x0000A22700C58D56 AS DateTime))
INSERT [dbo].[RoleOptions] ([ID], [RoleID], [OptionID], [IsAssigned], [IsSystem], [CreatedBy], [CreatedOn], [ModifiedBy], [ModifiedOn]) VALUES (10, 4, 402, 1, 1, 1, CAST(0x0000A227011CCE96 AS DateTime), 0, CAST(0x0000A227011CCE96 AS DateTime))
INSERT [dbo].[RoleOptions] ([ID], [RoleID], [OptionID], [IsAssigned], [IsSystem], [CreatedBy], [CreatedOn], [ModifiedBy], [ModifiedOn]) VALUES (11, 4, 604, 1, 1, 1, CAST(0x0000A22700000000 AS DateTime), 0, CAST(0x0000A229009F9401 AS DateTime))
INSERT [dbo].[RoleOptions] ([ID], [RoleID], [OptionID], [IsAssigned], [IsSystem], [CreatedBy], [CreatedOn], [ModifiedBy], [ModifiedOn]) VALUES (12, 4, 404, 1, 1, 1, CAST(0x0000A22900C04FC4 AS DateTime), 0, CAST(0x0000A22900C04FC4 AS DateTime))
INSERT [dbo].[RoleOptions] ([ID], [RoleID], [OptionID], [IsAssigned], [IsSystem], [CreatedBy], [CreatedOn], [ModifiedBy], [ModifiedOn]) VALUES (13, 4, 501, 1, 0, 1, CAST(0x0000A22A00A74E90 AS DateTime), 0, CAST(0x0000A22A00A74E90 AS DateTime))
INSERT [dbo].[RoleOptions] ([ID], [RoleID], [OptionID], [IsAssigned], [IsSystem], [CreatedBy], [CreatedOn], [ModifiedBy], [ModifiedOn]) VALUES (14, 4, 103, 1, 0, 1, CAST(0x0000A22A00A74E90 AS DateTime), 0, CAST(0x0000A22A00A74E90 AS DateTime))
INSERT [dbo].[RoleOptions] ([ID], [RoleID], [OptionID], [IsAssigned], [IsSystem], [CreatedBy], [CreatedOn], [ModifiedBy], [ModifiedOn]) VALUES (15, 4, 307, 1, 0, 1, CAST(0x0000A22A00A74E90 AS DateTime), 0, CAST(0x0000A22A00A74E90 AS DateTime))
INSERT [dbo].[RoleOptions] ([ID], [RoleID], [OptionID], [IsAssigned], [IsSystem], [CreatedBy], [CreatedOn], [ModifiedBy], [ModifiedOn]) VALUES (16, 4, 308, 1, 0, 1, CAST(0x0000A22A00A74E90 AS DateTime), 0, CAST(0x0000A22A00A74E90 AS DateTime))
INSERT [dbo].[RoleOptions] ([ID], [RoleID], [OptionID], [IsAssigned], [IsSystem], [CreatedBy], [CreatedOn], [ModifiedBy], [ModifiedOn]) VALUES (17, 4, 309, 1, 0, 1, CAST(0x0000A22A00A74E90 AS DateTime), 0, CAST(0x0000A22A00A74E90 AS DateTime))
INSERT [dbo].[RoleOptions] ([ID], [RoleID], [OptionID], [IsAssigned], [IsSystem], [CreatedBy], [CreatedOn], [ModifiedBy], [ModifiedOn]) VALUES (18, 4, 310, 1, 0, 1, CAST(0x0000A22A00A74E90 AS DateTime), 0, CAST(0x0000A22A00A74E90 AS DateTime))
INSERT [dbo].[RoleOptions] ([ID], [RoleID], [OptionID], [IsAssigned], [IsSystem], [CreatedBy], [CreatedOn], [ModifiedBy], [ModifiedOn]) VALUES (19, 4, 311, 1, 0, 1, CAST(0x0000A22A00A74E90 AS DateTime), 0, CAST(0x0000A22A00A74E90 AS DateTime))
INSERT [dbo].[RoleOptions] ([ID], [RoleID], [OptionID], [IsAssigned], [IsSystem], [CreatedBy], [CreatedOn], [ModifiedBy], [ModifiedOn]) VALUES (20, 4, 502, 1, 0, 1, CAST(0x0000A22A00A74E90 AS DateTime), 0, CAST(0x0000A22A00A74E90 AS DateTime))
INSERT [dbo].[RoleOptions] ([ID], [RoleID], [OptionID], [IsAssigned], [IsSystem], [CreatedBy], [CreatedOn], [ModifiedBy], [ModifiedOn]) VALUES (21, 4, 312, 1, 0, 1, CAST(0x0000A22A00A74E90 AS DateTime), 0, CAST(0x0000A22A00A74E90 AS DateTime))
INSERT [dbo].[RoleOptions] ([ID], [RoleID], [OptionID], [IsAssigned], [IsSystem], [CreatedBy], [CreatedOn], [ModifiedBy], [ModifiedOn]) VALUES (22, 4, 503, 1, 0, 1, CAST(0x0000A22A00A74E90 AS DateTime), 0, CAST(0x0000A22A00A74E90 AS DateTime))
INSERT [dbo].[RoleOptions] ([ID], [RoleID], [OptionID], [IsAssigned], [IsSystem], [CreatedBy], [CreatedOn], [ModifiedBy], [ModifiedOn]) VALUES (23, 4, 405, 1, 0, 1, CAST(0x0000A22A00A74E90 AS DateTime), 0, CAST(0x0000A22A00A74E90 AS DateTime))
INSERT [dbo].[RoleOptions] ([ID], [RoleID], [OptionID], [IsAssigned], [IsSystem], [CreatedBy], [CreatedOn], [ModifiedBy], [ModifiedOn]) VALUES (24, 4, 406, 1, 0, 1, CAST(0x0000A22A00A74E90 AS DateTime), 0, CAST(0x0000A22A00A74E90 AS DateTime))
INSERT [dbo].[RoleOptions] ([ID], [RoleID], [OptionID], [IsAssigned], [IsSystem], [CreatedBy], [CreatedOn], [ModifiedBy], [ModifiedOn]) VALUES (25, 4, 407, 1, 0, 1, CAST(0x0000A22A00A74E90 AS DateTime), 0, CAST(0x0000A22A00A74E90 AS DateTime))
INSERT [dbo].[RoleOptions] ([ID], [RoleID], [OptionID], [IsAssigned], [IsSystem], [CreatedBy], [CreatedOn], [ModifiedBy], [ModifiedOn]) VALUES (26, 4, 313, 1, 0, 1, CAST(0x0000A22A00A74E90 AS DateTime), 0, CAST(0x0000A22A00A74E90 AS DateTime))
INSERT [dbo].[RoleOptions] ([ID], [RoleID], [OptionID], [IsAssigned], [IsSystem], [CreatedBy], [CreatedOn], [ModifiedBy], [ModifiedOn]) VALUES (27, 4, 504, 1, 0, 1, CAST(0x0000A22A00A74E90 AS DateTime), 0, CAST(0x0000A22A00A74E90 AS DateTime))
INSERT [dbo].[RoleOptions] ([ID], [RoleID], [OptionID], [IsAssigned], [IsSystem], [CreatedBy], [CreatedOn], [ModifiedBy], [ModifiedOn]) VALUES (28, 4, 601, 1, 0, 1, CAST(0x0000A22A00A74E90 AS DateTime), 0, CAST(0x0000A22A00A74E90 AS DateTime))
INSERT [dbo].[RoleOptions] ([ID], [RoleID], [OptionID], [IsAssigned], [IsSystem], [CreatedBy], [CreatedOn], [ModifiedBy], [ModifiedOn]) VALUES (29, 4, 602, 1, 0, 1, CAST(0x0000A22A00A74E90 AS DateTime), 0, CAST(0x0000A22A00A74E90 AS DateTime))
INSERT [dbo].[RoleOptions] ([ID], [RoleID], [OptionID], [IsAssigned], [IsSystem], [CreatedBy], [CreatedOn], [ModifiedBy], [ModifiedOn]) VALUES (30, 4, 603, 1, 0, 1, CAST(0x0000A22A00A74E90 AS DateTime), 0, CAST(0x0000A22A00A74E90 AS DateTime))
INSERT [dbo].[RoleOptions] ([ID], [RoleID], [OptionID], [IsAssigned], [IsSystem], [CreatedBy], [CreatedOn], [ModifiedBy], [ModifiedOn]) VALUES (31, 4, 605, 1, 0, 1, CAST(0x0000A22A00A74E90 AS DateTime), 0, CAST(0x0000A22A00A74E90 AS DateTime))
INSERT [dbo].[RoleOptions] ([ID], [RoleID], [OptionID], [IsAssigned], [IsSystem], [CreatedBy], [CreatedOn], [ModifiedBy], [ModifiedOn]) VALUES (32, 4, 606, 1, 0, 1, CAST(0x0000A22A00A74E90 AS DateTime), 0, CAST(0x0000A22A00A74E90 AS DateTime))
INSERT [dbo].[RoleOptions] ([ID], [RoleID], [OptionID], [IsAssigned], [IsSystem], [CreatedBy], [CreatedOn], [ModifiedBy], [ModifiedOn]) VALUES (33, 4, 607, 1, 0, 1, CAST(0x0000A22A00A74E90 AS DateTime), 0, CAST(0x0000A22A00A74E90 AS DateTime))
INSERT [dbo].[RoleOptions] ([ID], [RoleID], [OptionID], [IsAssigned], [IsSystem], [CreatedBy], [CreatedOn], [ModifiedBy], [ModifiedOn]) VALUES (34, 4, 608, 1, 0, 1, CAST(0x0000A22A00A74E90 AS DateTime), 0, CAST(0x0000A22A00A74E90 AS DateTime))
INSERT [dbo].[RoleOptions] ([ID], [RoleID], [OptionID], [IsAssigned], [IsSystem], [CreatedBy], [CreatedOn], [ModifiedBy], [ModifiedOn]) VALUES (35, 4, 609, 1, 0, 1, CAST(0x0000A22A00A74E90 AS DateTime), 0, CAST(0x0000A22A00A74E90 AS DateTime))
INSERT [dbo].[RoleOptions] ([ID], [RoleID], [OptionID], [IsAssigned], [IsSystem], [CreatedBy], [CreatedOn], [ModifiedBy], [ModifiedOn]) VALUES (36, 4, 610, 1, 0, 1, CAST(0x0000A22A00A74E90 AS DateTime), 0, CAST(0x0000A22A00A74E90 AS DateTime))
INSERT [dbo].[RoleOptions] ([ID], [RoleID], [OptionID], [IsAssigned], [IsSystem], [CreatedBy], [CreatedOn], [ModifiedBy], [ModifiedOn]) VALUES (37, 4, 611, 1, 0, 1, CAST(0x0000A22A00A74E90 AS DateTime), 0, CAST(0x0000A22A00A74E90 AS DateTime))
INSERT [dbo].[RoleOptions] ([ID], [RoleID], [OptionID], [IsAssigned], [IsSystem], [CreatedBy], [CreatedOn], [ModifiedBy], [ModifiedOn]) VALUES (38, 4, 612, 1, 0, 1, CAST(0x0000A22A00A74E90 AS DateTime), 0, CAST(0x0000A22A00A74E90 AS DateTime))
INSERT [dbo].[RoleOptions] ([ID], [RoleID], [OptionID], [IsAssigned], [IsSystem], [CreatedBy], [CreatedOn], [ModifiedBy], [ModifiedOn]) VALUES (39, 4, 613, 1, 0, 1, CAST(0x0000A22A00A74E90 AS DateTime), 0, CAST(0x0000A22A00A74E90 AS DateTime))
INSERT [dbo].[RoleOptions] ([ID], [RoleID], [OptionID], [IsAssigned], [IsSystem], [CreatedBy], [CreatedOn], [ModifiedBy], [ModifiedOn]) VALUES (40, 4, 614, 1, 0, 1, CAST(0x0000A22A00A74E90 AS DateTime), 0, CAST(0x0000A22A00A74E90 AS DateTime))
INSERT [dbo].[RoleOptions] ([ID], [RoleID], [OptionID], [IsAssigned], [IsSystem], [CreatedBy], [CreatedOn], [ModifiedBy], [ModifiedOn]) VALUES (41, 4, 314, 1, 0, 1, CAST(0x0000A22A00A74E90 AS DateTime), 0, CAST(0x0000A22A00A74E90 AS DateTime))
INSERT [dbo].[RoleOptions] ([ID], [RoleID], [OptionID], [IsAssigned], [IsSystem], [CreatedBy], [CreatedOn], [ModifiedBy], [ModifiedOn]) VALUES (42, 4, 315, 1, 0, 1, CAST(0x0000A22A00A74E90 AS DateTime), 0, CAST(0x0000A22A00A74E90 AS DateTime))
INSERT [dbo].[RoleOptions] ([ID], [RoleID], [OptionID], [IsAssigned], [IsSystem], [CreatedBy], [CreatedOn], [ModifiedBy], [ModifiedOn]) VALUES (43, 4, 316, 1, 0, 1, CAST(0x0000A22A00A74E90 AS DateTime), 0, CAST(0x0000A22A00A74E90 AS DateTime))
INSERT [dbo].[RoleOptions] ([ID], [RoleID], [OptionID], [IsAssigned], [IsSystem], [CreatedBy], [CreatedOn], [ModifiedBy], [ModifiedOn]) VALUES (44, 4, 317, 1, 0, 1, CAST(0x0000A22A00A74E90 AS DateTime), 0, CAST(0x0000A22A00A74E90 AS DateTime))
INSERT [dbo].[RoleOptions] ([ID], [RoleID], [OptionID], [IsAssigned], [IsSystem], [CreatedBy], [CreatedOn], [ModifiedBy], [ModifiedOn]) VALUES (45, 4, 318, 1, 0, 1, CAST(0x0000A22A00A74E90 AS DateTime), 0, CAST(0x0000A22A00A74E90 AS DateTime))
INSERT [dbo].[RoleOptions] ([ID], [RoleID], [OptionID], [IsAssigned], [IsSystem], [CreatedBy], [CreatedOn], [ModifiedBy], [ModifiedOn]) VALUES (46, 4, 319, 1, 0, 1, CAST(0x0000A22A00A74E90 AS DateTime), 0, CAST(0x0000A22A00A74E90 AS DateTime))
INSERT [dbo].[RoleOptions] ([ID], [RoleID], [OptionID], [IsAssigned], [IsSystem], [CreatedBy], [CreatedOn], [ModifiedBy], [ModifiedOn]) VALUES (47, 4, 320, 1, 0, 1, CAST(0x0000A22A00A74E90 AS DateTime), 0, CAST(0x0000A22A00A74E90 AS DateTime))
INSERT [dbo].[RoleOptions] ([ID], [RoleID], [OptionID], [IsAssigned], [IsSystem], [CreatedBy], [CreatedOn], [ModifiedBy], [ModifiedOn]) VALUES (48, 4, 321, 1, 0, 1, CAST(0x0000A22A00A74E90 AS DateTime), 0, CAST(0x0000A22A00A74E90 AS DateTime))
INSERT [dbo].[RoleOptions] ([ID], [RoleID], [OptionID], [IsAssigned], [IsSystem], [CreatedBy], [CreatedOn], [ModifiedBy], [ModifiedOn]) VALUES (49, 4, 322, 1, 0, 1, CAST(0x0000A22A00A74E90 AS DateTime), 0, CAST(0x0000A22A00A74E90 AS DateTime))
SET IDENTITY_INSERT [dbo].[RoleOptions] OFF
